Top consultas,Cliques,Impressões,CTR,Posição
fymoob,394,579,68.05%,1.11
fymob,11,23,47.83%,2.65
flymob,3,15,20%,1.6
ama 1108,1,77,1.3%,4.92
casas para alugar,1,1,100%,3
bw residence,0,164,0%,8.05
residencial terracota i,0,56,0%,6.79
shopping sports xaxim,0,22,0%,9.73
rua alberto kosop 280,0,18,0%,10.67
trevi batel,0,16,0%,21.62
terracota residencial,0,14,0%,32.21
essence novo mundo,0,12,0%,1
alberto kosop 280,0,12,0%,9.42
apartamento portao aluguel,0,12,0%,10.83
condominio terracota,0,12,0%,13.33
rua pedro zielinski araucária,0,11,0%,9.64
rua engenheiro heitor soares gomes,0,9,0%,8.89
trebbiano residencial,0,9,0%,29.33
imovel,0,7,0%,5.14
le monde portão,0,7,0%,10.71
condominio sunset agua verde 5,0,7,0%,14.43
aluguel portao,0,6,0%,9.67
shopping xaxim,0,6,0%,12.17
imobiliaria fymoob,0,5,0%,1
condomínio terracota,0,4,0%,10.25
residencial terracota,0,4,0%,13.75
door 7710,0,4,0%,43
terracota condominio,0,3,0%,8
bw residences,0,3,0%,8.67
shopping sport xaxim,0,3,0%,8.67
rua irati 351,0,3,0%,10.67
edificio ama,0,3,0%,11
apartamento para alugar curitiba,0,3,0%,11.33
sunset 5 agua verde,0,3,0%,11.67
subway xaxim,0,3,0%,49
curso de marketing digital curitiba,0,2,0%,1
imobiliarias em curitiba,0,2,0%,1
imobiliária perto de mim,0,2,0%,1
imoboy,0,2,0%,2.5
imobiliaria portao,0,2,0%,3.5
vittace bosque,0,2,0%,6.5
mobiliado,0,2,0%,10
apartamento para alugar,0,2,0%,11
zefy curitiba,0,2,0%,11
havan shopping sports,0,2,0%,15.5
imobiliárias em curitiba,0,2,0%,19
hike curitiba,0,2,0%,22.5
studio park curitiba,0,2,0%,27
condomínio moob residencial,0,2,0%,32.5
imobiliarias curitiba,0,2,0%,35
campina das pedras araucaria,0,2,0%,38
reserva barigui lago,0,2,0%,46
reserva barigui colina,0,2,0%,61
agencia de marketing em curitiba,0,1,0%,1
agencias de marketing curitiba,0,1,0%,1
apartamento essence novo mundo,0,1,0%,1
apartamento para alugar no portão,0,1,0%,1
chacara passauna,0,1,0%,1
chácara para eventos em campo largo,0,1,0%,1
corretora de imóveis,0,1,0%,1
curitiba,0,1,0%,1
imobiliaria perto de mim,0,1,0%,1
imobiliaria portão,0,1,0%,1
imobiliária em curitiba,0,1,0%,1
imobiliária portão,0,1,0%,1
imóvel,0,1,0%,1
rua mar vermelho 913,0,1,0%,1
imobiliario,0,1,0%,2
imobiliário,0,1,0%,2
negócios imobiliários,0,1,0%,2
apartamento a venda em curitiba,0,1,0%,3
mfob,0,1,0%,3
imobiliaria aluguel,0,1,0%,4
sim imoveis,0,1,0%,4
imobiliarias,0,1,0%,5
residencial cajuru 1 fotos,0,1,0%,5
apartamento alugar portao,0,1,0%,7
"rua francisco derosso, 3488",0,1,0%,7
aluguel imoveis curitiba,0,1,0%,8
apartamento para alugar portao,0,1,0%,9
casa para alugar perto de mim,0,1,0%,9
imoob,0,1,0%,9
sobrado vitoria regia,0,1,0%,9
corretor de imoveis curitiba,0,1,0%,10
trebbiano residencial curitiba,0,1,0%,10
aluguel,0,1,0%,11
aluguel apartamento,0,1,0%,11
aluguel de apartamento,0,1,0%,11
aluguel de casa,0,1,0%,11
aluguel de casas,0,1,0%,11
apartamento venda portão,0,1,0%,11
apartamentos para alugar,0,1,0%,11
imoveis em construção curitiba,0,1,0%,11
imovel para alugar,0,1,0%,11
terracota imoveis,0,1,0%,11
terrenos a venda em curitiba,0,1,0%,11
aluguel no portao curitiba,0,1,0%,12
apartamentos para alugar portão curitiba,0,1,0%,12
shopping fy,0,1,0%,12
sobrados para vender,0,1,0%,12
imobiliaria,0,1,0%,21
rua heitor soares gomes,0,1,0%,22
imobiliária portao,0,1,0%,25
pantucci portao,0,1,0%,26
"rua affife mansur, 688",0,1,0%,26
reserva colina,0,1,0%,27
tibo curitiba,0,1,0%,29
lista de imobiliárias em curitiba,0,1,0%,36
havan xaxim,0,1,0%,38
mercadinho vitoria regia,0,1,0%,42
mai residence,0,1,0%,45
shopping no xaxim,0,1,0%,46
apartamento a venda no cajuru,0,1,0%,54
imobiliarias curitiba pr,0,1,0%,61
gomes imobiliaria curitiba,0,1,0%,75
vitória regia cic,0,1,0%,77
bairro vitoria regia curitiba,0,1,0%,84
mova wf,0,1,0%,88
imobiliaria em curitiba,0,1,0%,98